"","lowrank","exact","mra"
"1",0.792885942384601,0.0189863981213421,0.377815914573148
"2",0.0989158384039654,0.0987590634202929,0.100580764682338
